,TN,TX,TAVG,RH_AVG,SS,FF_X,FF_AVG,RR,DDD_X_sin,DDD_X_cos,month_sin,month_cos
2025-01-31,24.947382,32.56504,27.4104,86.53157,5.619449,1.835949,1.3255213,374.07877,-0.51153505,0.6618828,0.56461716,0.9327493
2025-02-28,24.860443,32.67609,27.447817,85.76748,5.432208,1.6788089,1.242311,348.53638,-0.5414148,0.6044855,0.84451234,0.5355817
2025-03-31,24.974894,33.22468,27.705135,85.22286,5.724741,1.390433,1.0295223,346.47296,-0.4284935,0.41891226,1.0431972,0.05412984
2025-04-30,25.2655,33.795998,28.102953,85.21755,6.1797967,1.1802076,0.8526093,318.44336,-0.10754071,0.11219679,1.006602,-0.45392537
2025-05-31,25.466747,33.987392,28.427044,85.11304,6.5015836,1.1594783,0.8092978,248.06442,0.3294415,-0.28912646,0.63342655,-0.9177005
2025-06-30,25.327429,33.886208,28.417728,84.334854,6.6010623,1.293864,0.8927719,188.861,0.5803648,-0.5221707,0.18726766,-1.0892425
2025-07-31,24.94511,33.893597,28.250292,82.67772,6.508963,1.4963329,1.0415797,143.97383,0.7128178,-0.5786429,-0.2906736,-0.9512134
2025-08-31,24.650436,34.14579,28.128235,80.760155,6.5732408,1.6890795,1.2074069,123.42904,0.7866208,-0.5028514,-0.70186937,-0.5561325
2025-09-30,24.571968,34.535248,28.161915,79.550095,6.529686,1.7538127,1.2770401,134.97502,0.80398095,-0.34327343,-0.94171333,-0.074234724
2025-10-31,24.644417,34.643234,28.167877,80.382744,6.11252,1.5932771,1.1633224,204.39629,0.6353383,-0.11153811,-0.8526564,0.43750966
2025-11-30,24.673725,34.076035,27.945236,83.33221,5.3758593,1.3759458,0.9909218,321.29428,0.24408287,0.23111422,-0.43878263,0.8916167
2025-12-31,24.596186,33.090416,27.510065,85.709946,4.726352,1.5115128,1.086782,369.24985,-0.15922101,0.5792343,0.0763334,1.0473199
2026-01-31,24.5045,32.50389,27.230604,86.85037,4.3447323,1.734402,1.2699068,337.20676,-0.32198802,0.76537627,0.5672308,0.90809715
2026-02-28,24.516344,32.666607,27.293413,86.53237,4.381624,1.6719515,1.2329977,316.9668,-0.2998968,0.76539123,0.9053241,0.5312282
2026-03-31,24.717876,33.17108,27.60806,85.95098,4.69413,1.3752954,1.0014837,316.8523,-0.16604178,0.5495566,1.0708358,-0.0063306093
2026-04-30,25.06447,33.66054,28.062798,86.01647,5.103472,1.1375898,0.81240755,284.03006,0.16682117,0.175799,0.96413827,-0.5602582
2026-05-31,25.182974,33.71923,28.328657,85.92067,5.389811,1.1468534,0.7917577,224.70378,0.51737225,-0.19958347,0.5921061,-0.97726345
2026-06-30,24.912987,33.50835,28.185234,84.88343,5.523715,1.3262115,0.9021864,171.19708,0.6977984,-0.42675996,0.109069705,-1.0889431
2026-07-31,24.522507,33.43918,27.925135,83.01687,5.611927,1.5475875,1.0799319,132.20294,0.76881737,-0.4884797,-0.37827218,-0.88102376
2026-08-31,24.263544,33.705612,27.83834,80.97904,5.72403,1.731354,1.2503592,113.104546,0.82088673,-0.41828576,-0.7788999,-0.46322203
2026-09-30,24.24114,34.134537,27.92923,79.860664,5.67516,1.7550797,1.2992715,131.77193,0.80832684,-0.2620444,-0.969666,0.042388797
2026-10-31,24.351383,34.18076,27.952387,81.128105,5.226798,1.5389988,1.1435883,216.47435,0.5870597,-0.030777609,-0.8099351,0.564139
2026-11-30,24.394403,33.51847,27.679821,84.19049,4.589711,1.3824666,1.0131975,323.95215,0.16746609,0.3136915,-0.39225674,0.9759717
2026-12-31,24.311188,32.466225,27.194147,86.47773,4.0370903,1.619758,1.1826434,346.0768,-0.2260432,0.6514313,0.13865447,1.0967798
2027-01-31,24.236002,32.021824,26.951094,87.43271,3.8319116,1.840578,1.3598924,308.3042,-0.3256833,0.8291875,0.6429815,0.92811465
2027-02-28,24.292585,32.35561,27.098917,86.94659,4.025966,1.704468,1.2588273,300.32077,-0.27465573,0.7908949,0.98177123,0.4936583
2027-03-31,24.547493,32.94396,27.484844,86.398476,4.438182,1.3513193,0.98298204,305.05438,-0.11733482,0.5195852,1.1225293,-0.0923512
2027-04-30,24.906807,33.42635,27.965334,86.42007,4.897299,1.1366841,0.8099454,266.22025,0.24652067,0.11277922,0.95535254,-0.6573378
2027-05-31,24.96046,33.42979,28.159546,86.063515,5.197975,1.1951535,0.8251159,205.48528,0.5759489,-0.25160667,0.5384766,-1.0353236
2027-06-30,24.639864,33.225697,27.959797,84.70272,5.346737,1.3981643,0.96131295,152.83882,0.72436965,-0.45450222,0.02705431,-1.083439
2027-07-31,24.253521,33.227108,27.720316,82.58045,5.4683495,1.6300902,1.1543185,114.82259,0.78736275,-0.49212754,-0.47128987,-0.82624096
2027-08-31,24.039726,33.600742,27.700916,80.431145,5.5925565,1.8090191,1.3236555,96.79353,0.84278804,-0.40464267,-0.8599951,-0.38040948
2027-09-30,24.07058,34.059475,27.841494,79.45078,5.4695888,1.7911938,1.3364962,122.81238,0.8126242,-0.24370144,-1.0051771,0.13708365
2027-10-31,24.203558,33.973263,27.835827,81.29966,4.9045954,1.5129635,1.1254871,225.50467,0.5264084,0.007599176,-0.76985645,0.6734996
2027-11-30,24.243643,33.14794,27.476715,84.7023,4.2784944,1.4140944,1.0394247,328.2494,0.065592736,0.3809527,-0.32209253,1.0554683
2027-12-31,24.163689,32.04443,26.973091,86.98938,3.7556422,1.72078,1.262905,331.61237,-0.2975869,0.7054257,0.22550821,1.1311631
2028-01-31,24.112198,31.773119,26.799768,87.706505,3.6698177,1.9079905,1.4125118,293.80405,-0.33279017,0.86565316,0.7251302,0.9211168
2028-02-29,24.202534,32.230164,27.020845,87.03098,3.9466937,1.6949699,1.2505018,294.71994,-0.26723242,0.78026783,1.0461555,0.42845094
2028-03-31,24.500586,32.87415,27.460094,86.537674,4.4180675,1.3134235,0.9534514,297.9936,-0.07619765,0.46497482,1.150955,-0.18968523
2028-04-30,24.853563,33.326183,27.946266,86.519226,4.8955393,1.1378182,0.8065893,251.74786,0.31647876,0.03718222,0.92375183,-0.7558778
2028-05-31,24.833832,33.272984,28.065159,85.918236,5.1836085,1.2398018,0.8535256,189.44286,0.62206507,-0.31184238,0.46493185,-1.0889642
2028-06-30,24.474094,33.08387,27.825014,84.29177,5.3235674,1.4592174,1.0107337,138.15497,0.7421311,-0.48443106,-0.06339359,-1.0726043
2028-07-31,24.102333,33.163876,27.615826,81.993385,5.459343,1.6957984,1.213145,101.50544,0.802081,-0.49590415,-0.5635629,-0.7696578
2028-08-31,23.934132,33.62285,27.654827,79.828125,5.5664134,1.8608179,1.372074,86.25607,0.8581698,-0.39199522,-0.9313502,-0.29878628
2028-09-30,24.007114,34.059055,27.817907,79.1244,5.344916,1.790641,1.3389611,123.272835,0.798049,-0.22378896,-1.0199565,0.23181868
2028-10-31,24.1475,33.82042,27.75736,81.62843,4.6953673,1.4719617,1.0927219,241.25339,0.45013836,0.054592784,-0.71644425,0.7738639
2028-11-30,24.172451,32.851883,27.321798,85.189186,4.0896587,1.4554377,1.0704433,333.40552,-0.03312123,0.4499957,-0.2419228,1.1171339
2028-12-31,24.092625,31.774277,26.833025,87.35237,3.6083133,1.8028071,1.3263729,320.6652,-0.34512648,0.7534364,0.31809628,1.14326
2029-01-31,24.063004,31.685505,26.738052,87.787315,3.6237113,1.9359994,1.4339179,285.94232,-0.33050066,0.88658273,0.8039125,0.88419366
2029-02-28,24.184763,32.228767,27.019566,86.96646,3.9584475,1.6521665,1.2167294,294.00815,-0.2570787,0.7510536,1.0985839,0.33931375
2029-03-31,24.522816,32.902885,27.501451,86.57232,4.470349,1.2672169,0.9168418,291.9935,-0.02395574,0.3988581,1.1577549,-0.29615575
2029-04-30,24.847773,33.29171,27.9678,86.50336,4.941892,1.1421299,0.8045911,238.61049,0.38552752,-0.038088784,0.8715093,-0.84827596
2029-05-31,24.749887,33.18165,28.005064,85.68,5.2031994,1.2807883,0.87988704,176.16966,0.6586837,-0.3637376,0.3807149,-1.1262712
2029-06-30,24.36173,33.016,27.738361,83.8425,5.3318973,1.5115814,1.0535111,126.75693,0.7554689,-0.505256,-0.15638256,-1.0484157
2029-07-31,24.011414,33.175117,27.565584,81.434685,5.476902,1.7481679,1.2600919,91.97556,0.8151926,-0.4921833,-0.65019757,-0.704701
2029-08-31,23.889025,33.693752,27.654703,79.33869,5.5509477,1.889937,1.4004315,81.38384,0.86766326,-0.37452352,-0.9874962,-0.21353865
2029-09-30,23.995176,34.06682,27.817715,79.03716,5.2271194,1.760892,1.3165404,132.29262,0.76651263,-0.19568308,-1.0105627,0.32999575
2029-10-31,24.132175,33.674698,27.688353,82.15046,4.537025,1.4318612,1.0610155,260.24652,0.36697745,0.111922115,-0.6522281,0.86341894
2029-11-30,24.135912,32.58722,27.19318,85.67075,3.9481785,1.5089407,1.1097597,336.92908,-0.12259605,0.51725173,-0.15333247,1.1602345
2029-12-31,24.055403,31.606016,26.743786,87.61658,3.529471,1.8681194,1.3766029,311.2428,-0.3704701,0.7956557,0.4117986,1.1363606
2030-01-31,24.048151,31.689905,26.728811,87.75432,3.6304832,1.9333975,1.4318879,282.1217,-0.3227753,0.89301604,0.875702,0.8233557
2030-02-28,24.203255,32.292065,27.060043,86.86005,4.011786,1.5908442,1.1690462,295.27872,-0.2403121,0.70911765,1.1392226,0.23709643
2030-03-31,24.574743,32.972107,27.574287,86.57998,4.548281,1.2234398,0.8817443,285.27362,0.03856345,0.32623276,1.14453,-0.40363503
2030-04-30,24.851326,33.275764,27.99696,86.43592,4.9975543,1.1531957,0.80730456,226.20218,0.45017618,-0.109124385,0.8045509,-0.92896545
2030-05-31,24.678585,33.11925,27.954472,85.4032,5.2280545,1.3208802,0.9069704,164.79642,0.6869245,-0.4062478,0.2912569,-1.1462295
2030-06-30,24.273565,32.988354,27.67598,83.39365,5.3499546,1.559344,1.0933259,117.529724,0.76663285,-0.5176145,-0.24889624,-1.0115404
2030-07-31,23.95163,33.22645,27.54558,80.92963,5.5005813,1.7916248,1.2995907,85.10666,0.8277796,-0.4818011,-0.72931015,-0.6318175
2030-08-31,23.875223,33.78044,27.676165,78.97363,5.528854,1.9017932,1.4141945,80.85969,0.871533,-0.3530082,-1.0282624,-0.12552714
2030-09-30,24.006027,34.059254,27.819948,79.17886,5.1055984,1.7125424,1.2788205,147.47987,0.7207271,-0.15961392,-0.9800608,0.42980266
2030-10-31,24.131647,33.520256,27.616728,82.774796,4.4088817,1.4035257,1.0386964,279.39294,0.2812385,0.17641354,-0.58101916,0.9417764
2030-11-30,24.113228,32.341442,27.080482,86.126175,3.8291247,1.572264,1.1561149,337.61057,-0.20041838,0.57908654,-0.05953741,1.1867483
2030-12-31,24.034298,31.50977,26.687838,87.80128,3.492695,1.9181582,1.4153111,302.82758,-0.37927574,0.8316824,0.50340223,1.1144047
2031-01-31,24.050577,31.744656,26.750038,87.65152,3.6645029,1.9073197,1.4119244,281.17474,-0.31326804,0.8862485,0.939391,0.74514556
2031-02-28,24.242138,32.38715,27.122913,86.76049,4.0862226,1.5215603,1.1153479,296.8506,-0.2155252,0.6582305,1.169121,0.12906647
2031-03-31,24.63647,33.050488,27.658653,86.58179,4.6334047,1.1875055,0.8523003,277.27048,0.107883774,0.25030562,1.1146126,-0.5081836
2031-04-30,24.84867,33.25917,28.018862,86.3341,5.0505686,1.171085,0.81506354,214.3652,0.5080409,-0.17462108,0.72816336,-0.99673957
2031-05-31,24.609285,33.071262,27.90463,85.10279,5.251387,1.3609909,0.93551785,154.73538,0.70843256,-0.4405388,0.19978476,-1.1510825
2031-06-30,24.198095,32.986004,27.62795,82.95117,5.372156,1.6043414,1.1316248,109.72899,0.7768317,-0.52331716,-0.33930278,-0.96461374
2031-07-31,23.910284,33.300766,27.544136,80.47423,5.5232577,1.8282133,1.3335032,80.15722,0.83986056,-0.46664673,-0.80067635,-0.5532375
2031-08-31,23.878857,33.866417,27.706339,78.72021,5.4942503,1.899439,1.4160787,83.8642,0.8688649,-0.32862574,-1.0548589,-0.035893142
2031-09-30,24.02598,34.0275,27.814714,79.51484,4.9796624,1.6533641,1.2324048,166.94989,0.66294146,-0.11661735,-0.9328909,0.5288602
2031-10-31,24.13408,33.351482,27.538206,83.42509,4.298686,1.3918164,1.0289749,296.8959,0.19467199,0.24531217,-0.5048369,1.0094643
2031-11-30,24.095497,32.11647,26.980438,86.54051,3.7257645,1.6407498,1.2064017,335.35242,-0.2647724,0.6342862,0.036572933,1.1993918
2031-12-31,24.022285,31.46734,26.656048,87.91664,3.4839675,1.9536612,1.4432211,295.42905,-0.37689802,0.8611948,0.5909964,1.0800638
2032-01-31,24.063135,31.826351,26.789438,87.5074,3.7138648,1.86357,1.3784131,282.28976,-0.3035052,0.8680984,0.99529517,0.6549227
2032-02-29,24.294,32.497414,27.198751,86.68555,4.1718144,1.450933,1.0605191,297.70908,-0.18198004,0.6007019,1.1888974,0.019049168
2032-03-31,24.697536,33.122746,27.743628,86.58025,4.717847,1.1613936,0.8298524,268.03928,0.18061541,0.17338954,1.0713944,-0.6081236
2032-04-30,24.834543,33.236233,28.028202,86.20209,5.0976076,1.1946954,0.8272757,203.06273,0.5583307,-0.23415422,0.64588845,-1.0518854
2032-05-31,24.539059,33.032646,27.85368,84.78319,5.2722006,1.4013722,0.9656009,145.62616,0.7249586,-0.46783856,0.10787654,-1.1432681
2032-06-30,24.131037,33.002342,27.590418,82.51451,5.3966856,1.6473457,1.1689202,102.916275,0.78677946,-0.52372164,-0.4267764,-0.90980613
2032-07-31,23.881691,33.388733,27.555254,80.06219,5.54139,1.8586357,1.3624277,76.741066,0.85114324,-0.4481984,-0.86443245,-0.47088218
2032-08-31,23.892921,33.94279,27.7383,78.569305,5.444681,1.8845415,1.4074503,90.01682,0.85858005,-0.3018105,-1.0681447,0.055063725
2032-09-30,24.048603,33.969616,27.797903,80.00731,4.8521495,1.5898311,1.182701,189.13412,0.59562343,-0.06748343,-0.87356114,0.6249554
2032-10-31,24.134447,33.16682,27.451807,84.05608,4.1982517,1.3981823,1.0325887,311.78857,0.10811513,0.316604,-0.42394972,1.0669899
2032-11-30,24.079174,31.918646,26.892517,86.90573,3.6386054,1.7096587,1.2573336,330.6751,-0.31467357,0.6834536,0.13328326,1.2007203
2032-12-31,24.01665,31.466757,26.64363,87.968765,3.4951007,1.9748305,1.4604002,289.23483,-0.36760512,0.8837063,0.6735728,1.0345688
2033-01-31,24.083237,31.922798,26.840523,87.34165,3.773336,1.8069605,1.3349952,284.75928,-0.29318625,0.84033656,1.0440254,0.5565895
2033-02-28,24.354908,32.61409,27.283136,86.635994,4.2633076,1.383197,1.0077132,297.20316,-0.13928686,0.537773,1.198137,-0.09105092
2033-03-31,24.751926,33.181683,27.822832,86.57045,4.7981405,1.1455213,0.814541,257.84912,0.2539528,0.09715659,1.0174482,-0.7024769
2033-04-30,24.807985,33.20672,28.023968,86.03944,5.1384187,1.222868,0.84331805,192.26094,0.60121256,-0.2877014,0.5597395,-1.0949925
2033-05-31,24.467722,33.002262,27.802256,84.44443,5.291353,1.4421542,0.99717003,137.23239,0.738098,-0.48910442,0.016100168,-1.1246605
2033-06-30,24.071058,33.03456,27.562126,82.0819,5.4228144,1.6886638,1.205366,96.843765,0.7969299,-0.51963997,-0.5109019,-0.84842956
2033-07-31,23.863356,33.484745,27.575563,79.689865,5.5527267,1.8828236,1.3863064,74.71648,0.86115944,-0.42740053,-0.9205664,-0.38599592
2033-08-31,23.91365,34.004086,27.768063,78.51952,5.3790894,1.8579799,1.3889936,99.226326,0.8395782,-0.2723453,-1.0682609,0.14768076
2033-09-30,24.070929,33.886684,27.76833,80.61656,4.7267733,1.5278598,1.1345198,212.63501,0.5212303,-0.012806564,-0.8061504,0.7163398
2033-10-31,24.131208,32.96648,27.35834,84.64747,4.101562,1.4221553,1.0490667,323.53418,0.022391962,0.3883452,-0.33808273,1.114541
2033-11-30,24.063446,31.753393,26.81699,87.21846,3.569511,1.775213,1.3062105,324.3108,-0.35027483,0.72777295,0.22967815,1.1927114
2033-12-31,24.016348,31.499044,26.647724,87.96268,3.5208445,1.9815222,1.4665401,284.4752,-0.35468554,0.8985228,0.7506218,0.9782623
2034-01-31,24.110386,32.028076,26.900019,87.17012,3.8407953,1.7414538,1.2846842,287.94257,-0.2809904,0.8044457,1.0861607,0.45283937
2034-02-28,24.42215,32.731564,27.373564,86.60601,4.357511,1.3211815,0.95909905,294.92468,-0.087561995,0.4701461,1.1959713,-0.20023179
2034-03-31,24.795877,33.22413,27.892136,86.545044,4.872622,1.139563,0.806027,247.00414,0.32557505,0.022815209,0.9546336,-0.79034376
2034-04-30,24.769777,33.17226,28.00699,85.84434,5.1737037,1.2546604,0.8627404,181.91196,0.6372473,-0.33541045,0.47085822,-1.1265807
2034-05-31,24.39599,32.980556,27.751734,84.08513,5.3101754,1.4834359,1.0301664,129.38484,0.7491634,-0.5050573,-0.07540214,-1.0966041
2034-06-30,24.017963,33.081432,27.542847,81.65213,5.449939,1.7283366,1.2409141,91.38032,0.8075347,-0.511574,-0.59143484,-0.7812303
2034-07-31,23.854116,33.58473,27.60278,79.35677,5.555372,1.9002476,1.4046896,74.10277,0.8692086,-0.40484014,-0.96883154,-0.29930276
2034-08-31,23.93868,34.046192,27.792854,78.57585,5.297197,1.8203206,1.3611461,111.544914,0.81081325,-0.2396779,-1.0548891,0.24240828
2034-09-30,24.091396,33.780674,27.726225,81.300964,4.606546,1.4728936,1.092081,236.18842,0.44192737,0.04680402,-0.7339542,0.80182815
2034-10-31,24.12461,32.75248,27.260008,85.193726,4.0044365,1.4620585,1.0772382,331.78186,-0.0610162,0.4582438,-0.24751824,1.15204
2034-11-30,24.04875,31.623667,26.754251,87.47792,3.519374,1.8347243,1.3510442,316.9704,-0.37267977,0.7681155,0.32504046,1.1766329
2034-12-31,24.020847,31.55654,26.666048,87.90462,3.5574546,1.9735211,1.4612856,281.34848,-0.34063858,0.9048758,0.8218757,0.9112923
2035-01-31,24.144814,32.139313,26.966196,87.0078,3.9152696,1.6702921,1.2299571,291.27902,-0.2652646,0.7616057,1.1221857,0.3455459
2035-02-28,24.493143,32.845108,27.467768,86.58968,4.4521065,1.266809,0.9161716,290.69373,-0.027647344,0.39848852,1.1818626,-0.3078133
2035-03-31,24.826935,33.249146,27.948654,86.49765,4.9403696,1.142758,0.803765,235.79128,0.39348313,-0.048658174,0.8844955,-0.87070197
2035-04-30,24.72141,33.134956,27.978872,85.61626,5.2042356,1.2892978,0.88520527,171.982,0.6670601,-0.37742487,0.38010693,-1.1470225
2035-05-31,24.324831,32.968487,27.703564,83.705284,5.3298035,1.5251961,1.0644486,121.9736,0.7591158,-0.5162475,-0.16644442,-1.0601485
2035-06-30,23.971876,33.14204,27.53259,81.22612,5.4770784,1.7661337,1.275288,86.4865,0.81862074,-0.49994308,-0.668074,-0.7088162
2035-07-31,23.85316,33.684914,27.634853,79.06595,5.547403,1.9101056,1.4168739,75.03532,0.8743102,-0.3809088,-1.0087456,-0.2112782
2035-08-31,23.966091,34.0656,27.810234,78.747,5.199716,1.772349,1.3245642,127.01268,0.77152133,-0.20320073,-1.0277752,0.3392179
2035-09-30,24.108797,33.653446,27.672295,82.01953,4.4931707,1.4296435,1.0588195,258.68774,0.3594539,0.110625975,-0.6591677,0.8806323
2035-10-31,24.115465,32.529797,27.160057,85.695175,3.9054372,1.5151732,1.1152644,336.33978,-0.13968766,0.523956,-0.15338433,1.1793585
2035-11-30,24.03586,31.5304,26.704716,87.68406,3.487891,1.8862306,1.3903282,309.26578,-0.38356784,0.8046735,0.41848493,1.153048
2035-12-31,24.029724,31.6324,26.696335,87.80308,3.6022127,1.9508846,1.4445795,279.95538,-0.327188,0.90216875,0.88718486,0.83413815
2036-01-31,24.18677,32.254852,27.038054,86.868095,3.9959874,1.5962251,1.172902,294.2856,-0.2444069,0.71274114,1.1522985,0.2361027
2036-02-29,24.564972,32.950302,27.563072,86.58272,4.5451875,1.2213782,0.8798807,284.55518,0.03887064,0.3237569,1.1559916,-0.41311622
2036-03-31,24.84362,33.257328,27.99044,86.42429,5.0008764,1.1540397,0.8070996,224.47026,0.45601645,-0.11636764,0.8084972,-0.9424453
2036-04-30,24.66471,33.09693,27.941656,85.35715,5.2306185,1.3260834,0.9103776,162.4743,0.69128484,-0.41382718,0.2883259,-1.1566298
2036-05-31,24.255285,32.967014,27.659088,83.307724,5.3508973,1.5672125,1.099719,114.95333,0.76857966,-0.52309185,-0.2565626,-1.0162215
2036-06-30,23.93296,33.21505,27.531218,80.80785,5.5027742,1.8015206,1.3079535,82.206955,0.82999635,-0.4852053,-0.7403172,-0.6319369
2036-07-31,23.8596,33.78127,27.669638,78.824265,5.5269146,1.911503,1.422051,77.733894,0.8752382,-0.3558292,-1.0396247,-0.12227219
2036-08-31,23.994154,34.059574,27.817871,79.041145,5.0889134,1.7156365,1.2806193,145.4942,0.72157097,-0.16240165,-0.98732424,0.4372102
2036-09-30,24.121984,33.50647,27.607248,82.73643,4.3870125,1.40167,1.0371577,279.2404,0.2750939,0.177877,-0.58263975,0.9521259
2036-10-31,24.10433,32.307076,27.062193,86.15192,3.8067656,1.5777317,1.1605376,337.29413,-0.21054217,0.5838679,-0.0571934,1.1965659
2036-11-30,24.0255,31.47323,26.668856,87.83637,3.4739776,1.9281132,1.4227722,301.71756,-0.38494807,0.83700883,0.5089569,1.121918
2036-12-31,24.04275,31.72093,26.736416,87.6681,3.6534362,1.914317,1.4169563,280.23813,-0.31513175,0.8902123,0.9464778,0.7478384
2037-01-31,24.236235,32.373497,27.115105,86.75956,4.0820537,1.5217596,1.1153914,296.5301,-0.2169957,0.6585496,1.1761074,0.12561715
2037-02-28,24.634392,33.04327,27.656425,86.581055,4.6351786,1.1857178,0.85071516,276.737,0.109903224,0.24723116,1.1191454,-0.51533425
2037-03-31,24.845394,33.250595,28.01656,86.32301,5.054062,1.1721636,0.8153312,213.26012,0.5120331,-0.17952071,0.7279639,-1.0045829
2037-04-30,24.601648,33.060265,27.89768,85.070656,5.2534637,1.3644078,0.93789047,153.41913,0.7106666,-0.44468907,0.1962483,-1.155785
2037-05-31,24.188465,32.97699,27.619549,82.8974,5.3736854,1.6091005,1.1355575,108.33006,0.7779468,-0.5258814,-0.34506327,-0.9656394
2037-06-30,23.901398,33.298546,27.53834,80.4036,5.5252624,1.8337018,1.3381711,78.65316,0.8413111,-0.46785292,-0.807474,-0.5514937
2037-07-31,23.872427,33.86961,27.704935,78.64171,5.4922786,1.903627,1.4194672,82.4713,0.8706287,-0.3295664,-1.0606378,-0.032411993
2037-08-31,24.021484,34.026783,27.813816,79.46032,4.96882,1.6529242,1.2317125,166.56006,0.66169745,-0.11690382,-0.93496907,0.5346744
2037-09-30,24.13005,33.34089,27.531765,83.425026,4.2871337,1.391066,1.0283858,297.21066,0.1897193,0.24775974,-0.5039173,1.0157301
2037-10-31,24.091417,32.095394,26.969942,86.561874,3.7135866,1.6452364,1.2098683,335.08075,-0.270629,0.6376108,0.039770126,1.2040987
2037-11-30,24.01833,31.450705,26.647135,87.933914,3.4760864,1.9589293,1.4471595,294.77826,-0.37904313,0.86427885,0.5954486,1.0827265
2037-12-31,24.060108,31.81806,26.784561,87.50986,3.7104623,1.865368,1.3796468,281.9523,-0.3042309,0.8693046,0.9997145,0.65388346
2038-01-31,24.292852,32.49411,27.197247,86.68334,4.172385,1.4492998,1.0592077,297.60266,-0.18185107,0.59949446,1.192478,0.014971375
2038-02-28,24.698132,33.121082,27.744677,86.579025,4.7208247,1.1602377,0.8287873,267.5703,0.18320748,0.17030579,1.0723405,-0.61354077
2038-03-31,24.832607,33.23175,28.027113,86.1924,5.100317,1.1958817,0.82780415,202.31483,0.5610364,-0.2375494,0.6439152,-1.0564301
2038-04-30,24.534184,33.027046,27.849428,84.75989,5.2736535,1.4038281,0.96740466,144.83853,0.72614735,-0.47014484,0.104317665,-1.1449888
2038-05-31,24.125528,32.999172,27.58612,82.47923,5.3981547,1.6504415,1.1715322,102.12973,0.78750116,-0.52479374,-0.43123925,-0.90901524
2038-06-30,23.877438,33.390236,27.553349,80.020134,5.5427384,1.861728,1.3651029,75.975876,0.8521073,-0.4483382,-0.8687809,-0.46834505
2038-07-31,23.89063,33.9459,27.738657,78.53013,5.4423056,1.8858467,1.40853,89.54606,0.8590843,-0.30174902,-1.0708374,0.05853939
2038-08-31,24.047197,33.967583,27.796917,79.99572,4.844538,1.5881158,1.1811948,189.47307,0.5934031,-0.066483915,-0.8730789,0.62957776
2038-09-30,24.13267,33.157635,27.446804,84.06973,4.191357,1.3984516,1.0327743,312.1857,0.10400091,0.31929523,-0.42180794,1.070883
2038-10-31,24.07711,31.905418,26.886179,86.922165,3.6317375,1.7132369,1.2600423,330.39755,-0.3179996,0.6858582,0.13670206,1.2027225
2038-11-30,24.014933,31.460129,26.639772,87.97618,3.4923139,1.9774038,1.4623349,288.84262,-0.36817345,0.8854446,0.67718256,1.0346727
2038-12-31,24.08246,31.921398,26.839659,87.33841,3.7733448,1.8062922,1.3344215,284.6974,-0.29334062,0.84011024,1.0468984,0.5539175
2039-01-31,24.35589,32.61518,27.284422,86.634315,4.265707,1.3811101,1.0060647,297.12427,-0.13818389,0.5358468,1.1997645,-0.0951494
2039-02-28,24.753195,33.181854,27.824821,86.56909,4.8011417,1.1449392,0.8139245,257.40833,0.2566205,0.094246276,1.0165722,-0.70673025
2039-03-31,24.80632,33.20396,28.023071,86.03052,5.140399,1.2241004,0.84399176,191.71172,0.60309994,-0.2901697,0.55703545,-1.0976429
2039-04-30,24.464115,32.99934,27.799314,84.42601,5.292409,1.4441081,0.9986756,136.71765,0.73879826,-0.49042398,0.012660503,-1.1248226
2039-05-31,24.067587,33.03424,27.559887,82.05669,5.4241242,1.6908768,1.2072772,96.37153,0.79747415,-0.51994175,-0.51453936,-0.8467246
2039-06-30,23.861359,33.487667,27.575428,79.66343,5.553434,1.8845837,1.3878828,74.34502,0.86180305,-0.42702574,-0.9234947,-0.38313746
2039-07-31,23.91322,34.006413,27.768864,78.50226,5.3762493,1.8577431,1.3888443,99.25849,0.839239,-0.27172005,-1.0691905,0.1511252
2039-08-31,24.070766,33.883553,27.766977,80.62603,4.7209797,1.5258992,1.1329285,213.27516,0.51857764,-0.011143409,-0.8044605,0.72012806
2039-09-30,24.130304,32.95788,27.354027,84.664856,4.0966673,1.4232126,1.0498245,323.8679,0.018839668,0.39098632,-0.33532333,1.1170285
2039-10-31,24.062256,31.744928,26.812935,87.23086,3.5655563,1.7780603,1.3083557,324.02463,-0.35210714,0.7296324,0.2330929,1.1932805
2039-11-30,24.015715,31.49745,26.646463,87.96445,3.520471,1.9824831,1.4672732,284.24268,-0.35459676,0.8994159,0.7536334,0.97696316
2039-12-31,24.11075,32.029743,26.90101,87.16505,3.842365,1.7396528,1.2832761,287.99548,-0.28078642,0.8034562,1.0881402,0.44947672
2040-01-31,24.424074,32.734375,27.376076,86.60499,4.3605504,1.3191696,0.95750874,294.804,-0.085847974,0.467855,1.1964014,-0.20419163
2040-02-29,24.797052,33.224644,27.894136,86.54332,4.8753285,1.1394359,0.8057528,246.57928,0.32811612,0.02011065,0.95281506,-0.7938143
2040-03-31,24.768024,33.170254,28.005949,85.83547,5.175178,1.2559258,0.86351323,181.47212,0.63861865,-0.33730182,0.46785557,-1.1281052
2040-04-30,24.392996,32.97906,27.749475,84.06908,5.3110414,1.4851376,1.0315293,129.01015,0.74964243,-0.5058294,-0.07872021,-1.0959103
2040-05-31,24.015568,33.082607,27.54172,81.6322,5.4511065,1.7300715,1.2424483,91.07087,0.80800325,-0.5114591,-0.59455085,-0.7790333
2040-06-30,23.853281,33.588116,27.603453,79.339,5.555516,1.9012114,1.4056135,73.95205,0.8696163,-0.40421075,-0.97089404,-0.29631376
2040-07-31,23.939077,34.047573,27.793594,78.571526,5.2938943,1.819199,1.3602893,111.87239,0.80985814,-0.2387011,-1.0547194,0.24584508
2040-08-31,24.091682,33.77667,27.724483,81.32006,4.601808,1.4711654,1.0907223,236.92102,0.43908867,0.048823263,-0.7317195,0.8050332
2040-09-30,24.124027,32.744114,27.256065,85.211235,4.000343,1.4636998,1.0784181,332.00116,-0.064152114,0.46070808,-0.2444349,1.1536417
2040-10-31,24.047981,31.618246,26.751543,87.48721,3.5171325,1.836996,1.352764,316.68326,-0.37360567,0.76963896,0.32837367,1.1764011
2040-11-30,24.02077,31.557503,26.666176,87.90302,3.5582545,1.9734354,1.461229,281.22702,-0.34031388,0.9051827,0.8244568,0.90916073
2040-12-31,24.145828,32.142353,26.96808,87.00269,3.9176023,1.6679913,1.2281771,291.3681,-0.26477498,0.76017725,1.1236238,0.3418963
2041-01-31,24.495447,32.84842,27.470787,86.58914,4.455304,1.2650633,0.9147826,290.51123,-0.02554167,0.39599627,1.1814954,-0.31161296
2041-02-28,24.827724,33.24943,27.950296,86.49528,4.94273,1.142986,0.8037514,235.3785,0.39581352,-0.051161125,0.8821666,-0.8736031
2041-03-31,24.71947,33.133297,27.977612,85.60698,5.205376,1.2905958,0.88606006,171.60402,0.6680897,-0.37893343,0.3769859,-1.1478187
2041-04-30,24.322163,32.967854,27.70171,83.69019,5.330607,1.5267726,1.0657499,121.67258,0.75949836,-0.5166914,-0.169662,-1.0589404
2041-05-31,23.97011,33.14409,27.53213,81.20903,5.47812,1.7675875,1.2766021,86.26623,0.81905663,-0.49958506,-0.6708388,-0.70632696
2041-06-30,23.85298,33.68834,27.635891,79.05337,5.547021,1.910527,1.4173542,75.02371,0.8745112,-0.3801459,-1.0102198,-0.20823228
2041-07-31,23.966843,34.065994,27.810701,78.75122,5.1959834,1.7706752,1.3232629,127.53296,0.77007264,-0.20197088,-1.0268404,0.34265625
2041-08-31,24.109175,33.6487,27.670185,82.04235,4.4890847,1.4283824,1.0578394,259.4087,0.3565375,0.11285087,-0.6566902,0.8834019
2041-09-30,24.11499,32.521645,27.15638,85.7116,3.901685,1.5172229,1.1167464,336.43207,-0.14244117,0.5261845,-0.15013921,1.1803465
2041-10-31,24.03533,31.527103,26.702896,87.69083,3.4867563,1.8880169,1.3916966,308.988,-0.38391685,0.80595744,0.42169964,1.1523132
2041-11-30,24.029968,31.634676,26.697248,87.79943,3.603617,1.9500519,1.443951,279.91833,-0.3268124,0.9020224,0.8894392,0.8314655
2041-12-31,24.18822,32.258522,27.040411,86.86381,3.9987328,1.5937339,1.1709777,294.37042,-0.24364598,0.71102834,1.1533685,0.23233926
2042-01-31,24.56736,32.953537,27.566238,86.582504,4.5483475,1.2199656,0.87873954,284.3116,0.04122097,0.32115534,1.1550512,-0.41675997
2042-02-28,24.843925,33.25722,27.99159,86.42111,5.0029097,1.1545471,0.80729055,224.06964,0.4580996,-0.11867362,0.8058754,-0.9448815
2042-03-31,24.66258,33.095478,27.940186,85.34728,5.231536,1.3274119,0.9113052,162.1347,0.69207084,-0.41505355,0.2851659,-1.1568987
2042-04-30,24.252827,32.96699,27.657524,83.29297,5.3517036,1.5687213,1.1009942,114.69416,0.76892346,-0.52331465,-0.25968796,-1.0146682
2042-05-31,23.931618,33.21766,27.531214,80.79246,5.5036745,1.8027765,1.3091123,82.042595,0.8304135,-0.48469323,-0.7428121,-0.6292607
2042-06-30,23.859821,33.7845,27.670816,78.815315,5.526012,1.9114933,1.4221755,77.82684,0.8752268,-0.3549864,-1.0406353,-0.119196
2042-07-31,23.995026,34.058975,27.817957,79.05175,5.084844,1.7136154,1.2790385,146.14992,0.71971005,-0.16096358,-0.9858174,0.4406234
2042-08-31,24.122288,33.501064,27.604792,82.75992,4.3833494,1.4009912,1.0366212,279.89627,0.27214664,0.18023044,-0.58002967,0.95453537
2042-09-30,24.103865,32.299324,27.058786,86.16685,3.8032858,1.5800213,1.1622055,337.26755,-0.21288185,0.5858475,-0.053881645,1.1970863
2042-10-31,24.02514,31.471561,26.667711,87.840935,3.473635,1.9294496,1.4238138,301.46027,-0.3849165,0.8380822,0.51202595,1.1208041
2042-11-30,24.043213,31.723896,26.73781,87.66319,3.6551948,1.9129148,1.4158885,280.2668,-0.31476992,0.88968915,0.9484621,0.74478984
2042-12-31,24.238008,32.377464,27.117756,86.75639,4.0850444,1.5192497,1.1134481,296.58652,-0.21595383,0.6566268,1.1768684,0.12181914
2043-01-31,24.636677,33.04614,27.659529,86.58097,4.6382117,1.1846609,0.84983206,276.44183,0.11238694,0.24458787,1.117763,-0.51881707
2043-02-28,24.845192,33.25008,28.017174,86.31893,5.0558043,1.1728904,0.81568766,212.87303,0.51385504,-0.18162848,0.72516155,-1.0066
2043-03-31,24.599367,33.05898,27.896051,85.06014,5.2542295,1.3657621,0.9388827,153.10701,0.7112747,-0.44568464,0.19308639,-1.1556311
2043-04-30,24.186182,32.97747,27.61824,82.88274,5.3745236,1.610562,1.1368167,108.09859,0.7782794,-0.52593416,-0.34809113,-0.9638261
2043-05-31,23.900389,33.301537,27.538683,80.389465,5.525988,1.8347815,1.3391899,78.53214,0.84170544,-0.4672355,-0.8097269,-0.54869294
2043-06-30,23.872917,33.87247,27.70612,78.635864,5.4908404,1.9032291,1.419268,82.657974,0.870378,-0.32865894,-1.0612277,-0.029307783
2043-07-31,24.022362,34.02522,27.813463,79.476105,4.9645553,1.650727,1.2299939,167.30923,0.6594967,-0.115275234,-0.9330324,0.5380095
2043-08-31,24.130205,33.33487,27.52898,83.44768,4.2837367,1.3910122,1.0283116,297.77423,0.1867628,0.2501941,-0.50118405,1.0178094
2043-09-30,24.090927,32.08834,26.966854,86.575134,3.7104871,1.647603,1.2116073,334.9565,-0.2725114,0.63936824,0.043097496,1.204241
2043-10-31,24.018124,31.450373,26.646572,87.93642,3.4763532,1.9598157,1.4478694,294.5527,-0.37876436,0.86513454,0.598351,1.0812712
2043-11-30,24.060762,31.821411,26.786287,87.5042,3.7124789,1.8635294,1.3782403,282.0287,-0.303878,0.868456,1.0014598,0.6505666
2043-12-31,24.294895,32.498207,27.200123,86.68124,4.1755304,1.4468842,1.0573297,297.61343,-0.18051109,0.59739584,1.1929197,0.011178732
2044-01-31,24.700176,33.123432,27.747568,86.578835,4.7236843,1.1595395,0.8281567,267.2356,0.18573546,0.16767287,1.0705981,-0.61684704
2044-02-29,24.831923,33.230907,28.027208,86.187325,5.1018105,1.1967814,0.82829916,201.94205,0.5626035,-0.23945893,0.64098895,-1.0580506
2044-03-31,24.531801,33.02596,27.847713,84.7487,5.2743297,1.4052055,0.96845514,144.54807,0.7266291,-0.47093946,0.10116613,-1.1444721
2044-04-30,24.123428,33.000126,27.585072,82.4646,5.399036,1.6518606,1.172776,101.919464,0.7878393,-0.5247006,-0.43416113,-0.9069843
2044-05-31,23.876728,33.39349,27.553976,80.00713,5.5432425,1.862624,1.3659743,75.8952,0.8524683,-0.44764316,-0.8707932,-0.4654578
2044-06-30,23.89132,33.94827,27.739761,78.52735,5.440315,1.8850751,1.4080161,89.826744,0.85855925,-0.30076888,-1.0710081,0.061686873
2044-07-31,24.048029,33.965115,27.79611,80.01561,4.840243,1.5859159,1.1794816,190.27602,0.5909381,-0.06467458,-0.8708394,0.63277686
2044-08-31,24.132654,33.15103,27.443726,84.09089,4.188084,1.3990158,1.0331513,312.64206,0.10105459,0.32176366,-0.41892594,1.0726383
2044-09-30,24.076593,31.899334,26.883453,86.933655,3.6291568,1.7155411,1.2617515,330.2023,-0.31940585,0.68743587,0.14001942,1.2025485
2044-10-31,24.01488,31.46091,26.639742,87.976715,3.4930668,1.9778242,1.462693,288.65942,-0.3677499,0.8860597,0.67990243,1.0328755
2044-11-30,24.083317,31.924994,26.841637,87.33245,3.775592,1.804131,1.332764,284.8028,-0.29295367,0.83898026,1.0484223,0.55041003
2044-12-31,24.358145,32.61929,27.287483,86.63301,4.2689395,1.3788736,1.0043164,297.07642,-0.13653688,0.5335894,1.1998477,-0.09891188
